,0
0,https://www.youtube.com/channel/UCasU7mePJH0W0uzkVle9XGQ
1,https://www.youtube.com/watch?v=ji8DuqqbnI8
2,https://www.youtube.com/watch?v=7-1b5QYTXtY
3,https://www.youtube.com/watch?v=LmBj0rBrcaw
4,https://www.youtube.com/watch?v=WLMD11W_dJ8
5,https://www.youtube.com/watch?v=WjvJyvkTQv8
6,https://www.youtube.com/watch?v=Oo-ZxteqQvs
7,https://www.youtube.com/watch?v=JvwzGtzSRP4
8,https://www.youtube.com/watch?v=54eA7iIgtJE
9,https://www.youtube.com/watch?v=8CqX8oekwJI
10,https://www.youtube.com/watch?v=5_eO44-SFnA
11,https://www.youtube.com/watch?v=yjtBmx-lM84
12,https://www.youtube.com/watch?v=p3ybNs34Jec
13,https://www.youtube.com/watch?v=jxGlnMymyZk
14,https://www.youtube.com/watch?v=sHXQ5JCbmJE
15,https://www.youtube.com/watch?v=OGsQBGhs49M
16,https://www.youtube.com/watch?v=cMUDhyOMXxQ
17,https://www.youtube.com/watch?v=cxAKzW7Vpmg
18,https://www.youtube.com/watch?v=efUPsPmHYW8
19,https://www.youtube.com/watch?v=Cc2gnsFmRp0
20,https://www.youtube.com/watch?v=fq71XWQgNNg
21,https://www.youtube.com/watch?v=F7Ti156YCkY
22,https://www.youtube.com/watch?v=D9axn_nhoOE
23,https://www.youtube.com/watch?v=Kpk8cdhYUPk
24,https://www.youtube.com/watch?v=kHuO9h-2ULI
25,https://www.youtube.com/watch?v=GgLTVKujXHQ
26,https://www.youtube.com/watch?v=eKD_9cNDH20
27,https://www.youtube.com/watch?v=VA7V57EnEgU
28,https://www.youtube.com/watch?v=T__MuoNTxWQ
29,https://www.youtube.com/watch?v=zQqmvihb304
30,https://www.youtube.com/watch?v=FFUnk-4tUlo
31,https://www.youtube.com/watch?v=VeI1Q-aR7gg
32,https://www.youtube.com/watch?v=aCbJO6ReJeo
33,https://www.youtube.com/watch?v=9zHdc7_9fic
34,https://www.youtube.com/watch?v=uimBrkMY4SQ
35,https://www.youtube.com/watch?v=2NOJnRb-L5M
36,https://www.youtube.com/watch?v=yVSiozobr3I
37,https://www.youtube.com/watch?v=SfyWyMMj148
38,https://www.youtube.com/watch?v=Hayky-MUPfA
39,https://www.youtube.com/watch?v=XpA3DX8IXus
40,https://www.youtube.com/watch?v=c0yjHltahEw
41,https://www.youtube.com/watch?v=F6yUtY0AA28
42,https://www.youtube.com/watch?v=vVcX0pcogYA
43,https://www.youtube.com/watch?v=v05zrwCkIjA
44,https://www.youtube.com/watch?v=VuydlEY4jEA
45,https://www.youtube.com/watch?v=o4prUkvvtNc
46,https://www.youtube.com/watch?v=XXvKP4aXHDY
47,https://www.youtube.com/watch?v=CnW9MWFKC3E
48,https://www.youtube.com/watch?v=hvGAxMM-Zvc
49,https://www.youtube.com/watch?v=DL6NhuRMlP4
50,https://www.youtube.com/watch?v=yy_FyN4vrPk
51,https://www.youtube.com/watch?v=gAvN_DujAo4
52,https://www.youtube.com/watch?v=T2xpjLyaOw8
53,https://www.youtube.com/watch?v=LzTYuW_SAdM
54,https://www.youtube.com/watch?v=_1KKeH2lWk8
55,https://www.youtube.com/watch?v=dt7Hsq49mxk
56,https://www.youtube.com/watch?v=2CgYdxKsXCc
57,https://www.youtube.com/watch?v=Qn4xZJocsW4
58,https://www.youtube.com/watch?v=4z6BrFuHFTY
59,https://www.youtube.com/watch?v=odiZW0h_vhQ
60,https://www.youtube.com/watch?v=HJeB1_suBrc
61,https://www.youtube.com/watch?v=39AHvrlq_E0
62,https://www.youtube.com/watch?v=WV-AJH-kXds
63,https://www.youtube.com/watch?v=iRuewO_6Rh8
64,https://www.youtube.com/watch?v=9OJx7Lerro8
65,https://www.youtube.com/watch?v=HiOpUkomCHg
66,https://www.youtube.com/watch?v=iOVfQWrH8oQ
67,https://www.youtube.com/watch?v=isLax-AZNr4
68,https://www.youtube.com/watch?v=q9Mszu74w1w
69,https://www.youtube.com/watch?v=mT3DCsbnxBk
70,https://www.youtube.com/watch?v=rBh6-eF4CNI
71,https://www.youtube.com/watch?v=O0dltFbc5LI
72,https://www.youtube.com/watch?v=mD2ndW2yx8g
73,https://www.youtube.com/watch?v=8SJeNN6qgbM
74,https://www.youtube.com/watch?v=yG1Mc1mCRSw
75,https://www.youtube.com/watch?v=pOnA7jL72W0
76,https://www.youtube.com/watch?v=hhpSuTeHKTE
77,https://www.youtube.com/watch?v=Y7QSd5_VCLU
78,https://www.youtube.com/watch?v=UT5yCiAIBkg
79,https://www.youtube.com/watch?v=Ggao7rRK9nY
80,https://www.youtube.com/watch?v=qYm9hI-TEio
81,https://www.youtube.com/watch?v=OfCWIVqWo6Y
82,https://www.youtube.com/watch?v=rgAZkvxSz6o
83,https://www.youtube.com/watch?v=DX1yJjhKOpU
84,https://www.youtube.com/watch?v=8ndd4ChGSZA
85,https://www.youtube.com/watch?v=ug7vhE3DVek
86,https://www.youtube.com/watch?v=fq9MhvUeQNk
87,https://www.youtube.com/watch?v=G6iL5e1vxcY
88,https://www.youtube.com/watch?v=oQIRvnJXhj4
89,https://www.youtube.com/watch?v=Te8vQafbdd8
90,https://www.youtube.com/watch?v=dG_kM0qNoEM
91,https://www.youtube.com/watch?v=cQn1naYJStM
92,https://www.youtube.com/watch?v=aK_fW0hGV6c
93,https://www.youtube.com/watch?v=CnVc9nvkP80
94,https://www.youtube.com/watch?v=_a-5kXfqpto
95,https://www.youtube.com/watch?v=BZ6MnfZ1vRo
96,https://www.youtube.com/watch?v=R8j_t82Hkz0
97,https://www.youtube.com/watch?v=MrFwaJYy04A
98,https://www.youtube.com/watch?v=7p_BYbexQWU
99,https://www.youtube.com/watch?v=4aojBeN61uk
100,https://www.youtube.com/watch?v=iT9p_b200gI
101,https://www.youtube.com/watch?v=W3al5Kgp2Lo
102,https://www.youtube.com/watch?v=GwaFN-yyxGM
103,https://www.youtube.com/watch?v=w5Ok0bGvnVU
104,https://www.youtube.com/watch?v=QBiR8Z5R3gg
105,https://www.youtube.com/watch?v=BbhyAN36RX8
106,https://www.youtube.com/watch?v=qrDYrlvFlSM
107,https://www.youtube.com/watch?v=nnsoxIgqMmQ
108,https://www.youtube.com/watch?v=_H_M49EQMkw
109,https://www.youtube.com/watch?v=LOCKuk-cS6k
110,https://www.youtube.com/watch?v=N3M_E7DtU9E
111,https://www.youtube.com/watch?v=tBnCAKoA13g
112,https://www.youtube.com/watch?v=pkN7vNmqtjs
113,https://www.youtube.com/watch?v=BIeGTOmu870
114,https://www.youtube.com/watch?v=_XoRM4gfCYk
115,https://www.youtube.com/watch?v=eXbjat1MtNc
116,https://www.youtube.com/watch?v=VYCkWuK4f04
117,https://www.youtube.com/watch?v=SKM6WafvHbY
118,https://www.youtube.com/watch?v=yIusZaZTpCI
119,https://www.youtube.com/watch?v=OBqbeBf2fug
120,https://www.youtube.com/watch?v=g7WzXZyBbSQ
121,https://www.youtube.com/watch?v=DIEY4cjdPeI
122,https://www.youtube.com/watch?v=KV796M5sqVg
123,https://www.youtube.com/watch?v=p5RkbRgY1Uw
124,https://www.youtube.com/watch?v=sb_6mUU1NUI
125,https://www.youtube.com/watch?v=qN9DaTvJOI0
126,https://www.youtube.com/watch?v=Nci0_oC91u4
127,https://www.youtube.com/watch?v=XPZFKALYDdM
128,https://www.youtube.com/watch?v=AlKuQmfDT5Y
129,https://www.youtube.com/watch?v=BhtTqYBSaSQ
130,https://www.youtube.com/watch?v=QsZ-BCKlB0A
131,https://www.youtube.com/watch?v=qxCmiHoKl00
132,https://www.youtube.com/watch?v=90QAW7rTBtU
133,https://www.youtube.com/watch?v=wBvZ75NY8eM
134,https://www.youtube.com/watch?v=vkoZmqo_MFQ
135,https://www.youtube.com/watch?v=IjkEzzuGVzo
136,https://www.youtube.com/watch?v=x-vFoNAlYDw
137,https://www.youtube.com/watch?v=f_aGw1eIETw
138,https://www.youtube.com/watch?v=y9iGz8GRF-8
139,https://www.youtube.com/watch?v=4fBRA7b8wxs
140,https://www.youtube.com/watch?v=WOJc4lCzgpY
141,https://www.youtube.com/watch?v=k7lZE0B7XGo
142,https://www.youtube.com/watch?v=xEwr9IaInUg
143,https://www.youtube.com/watch?v=whLpSvNkHoQ
144,https://www.youtube.com/watch?v=HOMulvnX3dw
145,https://www.youtube.com/watch?v=NlgLKnR439E
146,https://www.youtube.com/watch?v=PVZnc7VkWF4
147,https://www.youtube.com/watch?v=AfTIIJH_iRc
148,https://www.youtube.com/watch?v=WOHp8Vuvtvg
149,https://www.youtube.com/watch?v=DcSSEDWqWmI
150,https://www.youtube.com/watch?v=2V7kH32bqv8
151,https://www.youtube.com/watch?v=ZFScZPZoebY
152,https://www.youtube.com/watch?v=j75qgZPscZo
153,https://www.youtube.com/watch?v=fiOcM_4odLo
154,https://www.youtube.com/watch?v=LAe2243eLVE
155,https://www.youtube.com/watch?v=b36HBEJBDbg
156,https://www.youtube.com/watch?v=pGJdksoJvmQ
157,https://www.youtube.com/watch?v=Li4sQUX4-zM
158,https://www.youtube.com/watch?v=D3fTkHf5dFU
159,https://www.youtube.com/watch?v=6_ZeAHdqgWE
160,https://www.youtube.com/watch?v=YxpCIkuRFWs
161,https://www.youtube.com/watch?v=BIcwY29MVGI
162,https://www.youtube.com/watch?v=gtIgpkMm9rg
163,https://www.youtube.com/watch?v=rBBAuLI9LFE
164,https://www.youtube.com/watch?v=SKsfluEoQig
165,https://www.youtube.com/watch?v=q4znag1n7es
166,https://www.youtube.com/watch?v=98D6vvhjdbc
167,https://www.youtube.com/watch?v=pFXHn0iigSk
168,https://www.youtube.com/watch?v=eNCbOdL3EJI
169,https://www.youtube.com/watch?v=b4VagbE8hF0
170,https://www.youtube.com/watch?v=1K8SDpr5rDU
171,https://www.youtube.com/watch?v=rv_cgCqn3SI
172,https://www.youtube.com/watch?v=u60lWuIxEK4
173,https://www.youtube.com/watch?v=mJuaJ1OdvN8
174,https://www.youtube.com/watch?v=QHNqlIS9c9U
175,https://www.youtube.com/watch?v=msjRkZzhrnw
176,https://www.youtube.com/watch?v=fMwKK0jZtDE
177,https://www.youtube.com/watch?v=JEzyzAkROMI
178,https://www.youtube.com/watch?v=Alv4ROT8nyg
179,https://www.youtube.com/watch?v=ljafozrKnhU
180,https://www.youtube.com/watch?v=6S2wAzzcmnY
181,https://www.youtube.com/watch?v=euq0Xjjgs_U
182,https://www.youtube.com/watch?v=qqdwJoaV2vw
183,https://www.youtube.com/watch?v=J_OOeKB3ZR4
184,https://www.youtube.com/watch?v=dwMz0IZv6UQ
185,https://www.youtube.com/watch?v=fX9YgntFMZw
186,https://www.youtube.com/watch?v=6Js8DGxbw5Y
187,https://www.youtube.com/watch?v=mLSpMu0sKZI
188,https://www.youtube.com/watch?v=b1NcEkPB5-g
189,https://www.youtube.com/watch?v=JzKhht870_U
190,https://www.youtube.com/watch?v=sr_wHiGxhrw
191,https://www.youtube.com/watch?v=ifeYDlZhjSY
192,https://www.youtube.com/watch?v=FZ0HbmRjnvo
193,https://www.youtube.com/watch?v=o-DMtcNd_YM
194,https://www.youtube.com/watch?v=gQ31UR2g7T0
195,https://www.youtube.com/watch?v=KH-T9VUTFjU
196,https://www.youtube.com/watch?v=SiZ_ahIJkDk
197,https://www.youtube.com/watch?v=CuzdfKyWE10
198,https://www.youtube.com/watch?v=_312op7RixU
199,https://www.youtube.com/watch?v=uFr4EVkWhIs
200,https://www.youtube.com/watch?v=Eq6B_elgPrE
201,https://www.youtube.com/watch?v=TrGy1QeqNrw
202,https://www.youtube.com/watch?v=Cka1xmK3FRc
203,https://www.youtube.com/watch?v=glCqg073UZg
204,https://www.youtube.com/watch?v=ascQuXfZfXw
205,https://www.youtube.com/watch?v=hqc88ONOYHQ
206,https://www.youtube.com/watch?v=75AAp7RHLhA
207,https://www.youtube.com/watch?v=CBn4CPxag6s
208,https://www.youtube.com/watch?v=MvsJFnPDxrA
209,https://www.youtube.com/watch?v=GuGJV1OutWY
210,https://www.youtube.com/watch?v=xcjA9ISKkRk
211,https://www.youtube.com/watch?v=7oCSha_MRRA
212,https://www.youtube.com/watch?v=e2T_9rZiJxQ
213,https://www.youtube.com/watch?v=X2OsRuuYomE
214,https://www.youtube.com/watch?v=NaTIYDfOHrg
215,https://www.youtube.com/watch?v=8Ti7PPtbnc8
216,https://www.youtube.com/watch?v=aPWUQchsoZ4
217,https://www.youtube.com/watch?v=snWRiyTmg8Y
218,https://www.youtube.com/watch?v=nh8mNQV4U0E
219,https://www.youtube.com/watch?v=4_vC5km9xXA
220,https://www.youtube.com/watch?v=PhMTc93f_uU
221,https://www.youtube.com/watch?v=ATM6HMqBWWU
222,https://www.youtube.com/watch?v=dAjd3qZkpTM
223,https://www.youtube.com/watch?v=yibNyXH21J4
224,https://www.youtube.com/watch?v=MTcx1_gDTio
225,https://www.youtube.com/watch?v=TPDYvha-gW8
226,https://www.youtube.com/watch?v=p-QjVwF0cIk
227,https://www.youtube.com/watch?v=goAVTwgQph4
228,https://www.youtube.com/watch?v=YHGbO3Mh4Kg
229,https://www.youtube.com/watch?v=gE14M9ftTMM
230,https://www.youtube.com/watch?v=NabY8WgRdRQ
231,https://www.youtube.com/watch?v=KR1FXZc7ueA
232,https://www.youtube.com/watch?v=pFBtBd4dwpE
233,https://www.youtube.com/watch?v=GWAJSB4Bio4
234,https://www.youtube.com/watch?v=-hPADZBDGnY
235,https://www.youtube.com/watch?v=6jo8_9UcKo0
236,https://www.youtube.com/watch?v=QPAbU1ipCSA
237,https://www.youtube.com/watch?v=MJZsva5gQv0
238,https://www.youtube.com/watch?v=0gxmHY6ZQY4
239,https://www.youtube.com/watch?v=c-J_6_j1TCo
240,https://www.youtube.com/watch?v=Y8gWFW7PmPk
241,https://www.youtube.com/watch?v=k_k1QrY-IGI
242,https://www.youtube.com/watch?v=kESYEC0KctU
243,https://www.youtube.com/watch?v=Yl9FiWa7Zpk
244,https://www.youtube.com/watch?v=xdP71DiWsJA
245,https://www.youtube.com/watch?v=ShZs-7YxkXk
246,https://www.youtube.com/watch?v=YftchOECX7Q
247,https://www.youtube.com/watch?v=1Gbk8h8LcZw
248,https://www.youtube.com/watch?v=c9tkVpu8VrQ
249,https://www.youtube.com/watch?v=3JlYqBXuWuk
250,https://www.youtube.com/watch?v=XN3oPTFdAYc
251,https://www.youtube.com/watch?v=ARObSD0IRyE
252,https://www.youtube.com/watch?v=dZTO0tPvVOc
253,https://www.youtube.com/watch?v=mp_XLlPPCGM
254,https://www.youtube.com/watch?v=jt2JiiDn5zc
255,https://www.youtube.com/watch?v=PV9rLLgvuTI
256,https://www.youtube.com/watch?v=WzzJxIkrcb0
257,https://www.youtube.com/watch?v=kXTVsJHYLjA
258,https://www.youtube.com/watch?v=qdo4yiiWHCc
259,https://www.youtube.com/watch?v=XRnDaq3iRMA
260,https://www.youtube.com/watch?v=lT0zzc3cI8Y
261,https://www.youtube.com/watch?v=dIhxUAGwj5Y
262,https://www.youtube.com/watch?v=XGc1qcky_5A
263,https://www.youtube.com/watch?v=3aONRKG9jw0
264,https://www.youtube.com/watch?v=pjRYnGf0QfU
265,https://www.youtube.com/watch?v=FrpdWaef7xo
266,https://www.youtube.com/watch?v=cac40Wwu0eo
267,https://www.youtube.com/watch?v=U8F9ISS_jds
268,https://www.youtube.com/watch?v=LdA9czsS3-A
269,https://www.youtube.com/watch?v=VVj1jCmJEp4
270,https://www.youtube.com/watch?v=HrBD-zB98Xc
271,https://www.youtube.com/watch?v=iBdqnhcGq4o
272,https://www.youtube.com/watch?v=Vu-dAqY4QmI
273,https://www.youtube.com/watch?v=dF1meris7e0
274,https://www.youtube.com/watch?v=osN8ttlloXE
275,https://www.youtube.com/watch?v=8qO6-MIxP7o
276,https://www.youtube.com/watch?v=Vqc6XSY9uAc
277,https://www.youtube.com/watch?v=b1E7xvkjjAc
278,https://www.youtube.com/watch?v=EhD8-pn-Umg
279,https://www.youtube.com/watch?v=YSGJrEDgcDo
280,https://www.youtube.com/watch?v=aNmggzty6PI
281,https://www.youtube.com/watch?v=b_eIw4dNLfk
282,https://www.youtube.com/watch?v=AkD9uGkntak
283,https://www.youtube.com/watch?v=1d0zTOvw9Ow
284,https://www.youtube.com/watch?v=Wa5k40A3dk0
285,https://www.youtube.com/watch?v=DLsDtVYwMw8
286,https://www.youtube.com/watch?v=TFsGFNtpwHo
287,https://www.youtube.com/watch?v=F0CjoebgR6U
288,https://www.youtube.com/watch?v=VwMZPA5CW1A
289,https://www.youtube.com/watch?v=r2Yp7FpTESQ
290,https://www.youtube.com/watch?v=pIpyQCJOdJc
291,https://www.youtube.com/watch?v=qM3tzFs_Oy4
292,https://www.youtube.com/watch?v=u2wRU2L3MOo
293,https://www.youtube.com/watch?v=wkEhitzx1Og
294,https://www.youtube.com/watch?v=BqLMTh2WJvg
295,https://www.youtube.com/watch?v=4q2MAosbKLA
296,https://www.youtube.com/watch?v=pzVa5DsJat0
297,https://www.youtube.com/watch?v=Zpwq6i4i5K8
298,https://www.youtube.com/watch?v=GMtTmtVGIMA
299,https://www.youtube.com/watch?v=vSUP-KWQbA8
300,https://www.youtube.com/watch?v=lgc1mOr5tz0
301,https://www.youtube.com/watch?v=iPcZ6f_IZvM
302,https://www.youtube.com/watch?v=F8Tx4uuE5e4
303,https://www.youtube.com/watch?v=eml81lee7to
304,https://www.youtube.com/watch?v=WvY0XuW1uWg
305,https://www.youtube.com/watch?v=d-uWCrujhro
306,https://www.youtube.com/watch?v=i9WNm1Ao_tQ
307,https://www.youtube.com/watch?v=bNKlhPEYOQw
308,https://www.youtube.com/watch?v=BwQQH935vIQ
309,https://www.youtube.com/watch?v=XaBRHl7RKbw
310,https://www.youtube.com/watch?v=72jsrw-13p4
311,https://www.youtube.com/watch?v=cXQp4eIVp_s
312,https://www.youtube.com/watch?v=vB_GjlFM7QY
313,https://www.youtube.com/watch?v=qx-e_ryQQbY
314,https://www.youtube.com/watch?v=A0l7_MtxVXQ
315,https://www.youtube.com/watch?v=De7QTnZApEU
316,https://www.youtube.com/watch?v=ZGClwKc4nLQ
317,https://www.youtube.com/watch?v=JAzQqDRlEEI
318,https://www.youtube.com/watch?v=j5hBPhN_vXk
319,https://www.youtube.com/watch?v=19fNAGk7ajw
320,https://www.youtube.com/watch?v=dm-ADdlDPNk
321,https://www.youtube.com/watch?v=NEoI7HIrbz8
322,https://www.youtube.com/watch?v=Cp4x3MAsHwE
323,https://www.youtube.com/watch?v=-quJmH7oZrc
324,https://www.youtube.com/watch?v=HqJKzZgHBA8
325,https://www.youtube.com/watch?v=aHRePse5EUg
326,https://www.youtube.com/watch?v=duElIXbSgFc
327,https://www.youtube.com/watch?v=QXOQ6h2AIv4
328,https://www.youtube.com/watch?v=9bNuQxPB_C8
329,https://www.youtube.com/watch?v=jZYbnRAIPYg
330,https://www.youtube.com/watch?v=AGSoKxazEQI
331,https://www.youtube.com/watch?v=t26SZvLrhZs
332,https://www.youtube.com/watch?v=SEu9cT_SUvs
333,https://www.youtube.com/watch?v=Vk2YiZ-0i1Q
334,https://www.youtube.com/watch?v=g6AxHgEIILw
335,https://www.youtube.com/watch?v=Uxq-kjW99IU
336,https://www.youtube.com/watch?v=RSccSSwDWEg
337,https://www.youtube.com/watch?v=7iZ6hbkDP6Q
338,https://www.youtube.com/watch?v=OuT69rqSYvU
339,https://www.youtube.com/watch?v=1UF_8q3OaEU
340,https://www.youtube.com/watch?v=AwGBVOGbrRU
341,https://www.youtube.com/watch?v=wfG9FPfgk7U
342,https://www.youtube.com/watch?v=cVcL6b4eX1Q
343,https://www.youtube.com/watch?v=C-CUhSaKFlQ
344,https://www.youtube.com/watch?v=vsqmmcXMMFQ
345,https://www.youtube.com/watch?v=VYT2llq99X4
346,https://www.youtube.com/watch?v=cTjd6ktafas
347,https://www.youtube.com/watch?v=28_gUZ_aN4Q
348,https://www.youtube.com/watch?v=GcqzECqqj8o
349,https://www.youtube.com/watch?v=WsA8-tVYcLk
350,https://www.youtube.com/watch?v=T8hbA0E7US8
351,https://www.youtube.com/watch?v=9U877t7wSGY
352,https://www.youtube.com/watch?v=eORwM41ioBY
353,https://www.youtube.com/watch?v=cxY7RXFgx3g
354,https://www.youtube.com/watch?v=_RAp8kO_mHQ
355,https://www.youtube.com/watch?v=rTtw17dPqHQ
356,https://www.youtube.com/watch?v=Klatdi2GcfE
357,https://www.youtube.com/watch?v=7RoaaJ9HSGw
358,https://www.youtube.com/watch?v=Llwr7pvSmpE
359,https://www.youtube.com/watch?v=sgdSYmDiUZk
360,https://www.youtube.com/watch?v=jUU8Hx9ZlYU
361,https://www.youtube.com/watch?v=PrED7r0u4FM
362,https://www.youtube.com/watch?v=p2WLpUzxjjc
363,https://www.youtube.com/watch?v=-7aMnj5ttQw
364,https://www.youtube.com/watch?v=5-c4WQXedvw
365,https://www.youtube.com/watch?v=XbclERgB72k
366,https://www.youtube.com/watch?v=n7ut5Qyh2n0
367,https://www.youtube.com/watch?v=Ibjx7jztX6c
368,https://www.youtube.com/watch?v=9xDn9imKOtM
369,https://www.youtube.com/watch?v=RIiOfIaXD7Q
370,https://www.youtube.com/watch?v=kaNcd2O0Csk
371,https://www.youtube.com/watch?v=QuPcC6VAOb8
372,https://www.youtube.com/watch?v=CCFN3umDcBE
373,https://www.youtube.com/watch?v=9vr_JoYJJKw
374,https://www.youtube.com/watch?v=HXqlXEA_K20
375,https://www.youtube.com/watch?v=5CV-_iY-PP8
376,https://www.youtube.com/watch?v=Zal606GZTQs
377,https://www.youtube.com/watch?v=bpxyf_X8OK8
378,https://www.youtube.com/watch?v=iwWtnuNt880
379,https://www.youtube.com/watch?v=bGIf0nFdGh8
380,https://www.youtube.com/watch?v=tdv8EraAEPg
381,https://www.youtube.com/watch?v=drN5vEoidwk
382,https://www.youtube.com/watch?v=YvDVInAuLt0
383,https://www.youtube.com/watch?v=9ENM-elgjSY
384,https://www.youtube.com/watch?v=OlL2aj0MR3Y
385,https://www.youtube.com/watch?v=LBtRoV2Ongk
386,https://www.youtube.com/watch?v=RiSfwl45HtY
387,https://www.youtube.com/watch?v=5wV8KncRMcE
388,https://www.youtube.com/watch?v=FYEq8t8T4dA
389,https://www.youtube.com/watch?v=sbIe5KUHdgs
390,https://www.youtube.com/watch?v=2oQkpKaOXtM
391,https://www.youtube.com/watch?v=rBar-mTW0W8
392,https://www.youtube.com/watch?v=VNC6lRr7RSY
393,https://www.youtube.com/watch?v=iNGTiAELn9Y
394,https://www.youtube.com/watch?v=aR6xOQ7ob3c
395,https://www.youtube.com/watch?v=RySTmne6ezQ
396,https://www.youtube.com/watch?v=8MyazGrdKH8
397,https://www.youtube.com/watch?v=mKuf_vHWI_U
398,https://www.youtube.com/watch?v=EimpKSaU354
399,https://www.youtube.com/watch?v=ksj7tAcjMos
400,https://www.youtube.com/watch?v=8m6D0srpNRU
401,https://www.youtube.com/watch?v=nlraIAcpEnc
402,https://www.youtube.com/watch?v=xrp625KPK1g
403,https://www.youtube.com/watch?v=oc_QpspdtcA
404,https://www.youtube.com/watch?v=VP2l7qqjOco
405,https://www.youtube.com/watch?v=a1oNfhMvL4g
406,https://www.youtube.com/watch?v=tF5F391GANs
407,https://www.youtube.com/watch?v=8hn5B5EyQmk
408,https://www.youtube.com/watch?v=EzQvEsiZROc
409,https://www.youtube.com/watch?v=JtE-q-4V-NM
410,https://www.youtube.com/watch?v=KvE6pQDuGAU
411,https://www.youtube.com/watch?v=sJFPPZl0Id4
412,https://www.youtube.com/watch?v=_DQ0zVqFimA
413,https://www.youtube.com/watch?v=--5OTogA4uE
414,https://www.youtube.com/watch?v=qvmgjUjPwto
415,https://www.youtube.com/watch?v=RnLi8VZLihU
416,https://www.youtube.com/watch?v=F8MtDpHRLtU
417,https://www.youtube.com/watch?v=nI5GqAPdz8U
418,https://www.youtube.com/watch?v=50C7GHWakDo
419,https://www.youtube.com/watch?v=RaTM7zGoabw
420,https://www.youtube.com/watch?v=fA82sUkakRs
421,https://www.youtube.com/watch?v=bQEzHyKUuW4
422,https://www.youtube.com/watch?v=tw6jQYuGo5o
423,https://www.youtube.com/watch?v=d3LiDSDz0MI
424,https://www.youtube.com/watch?v=jqW55xU_iXI
425,https://www.youtube.com/watch?v=kYxdOsTCfDw
426,https://www.youtube.com/watch?v=PxR02n_1TfA
427,https://www.youtube.com/watch?v=zBTvvE5uq0U
428,https://www.youtube.com/watch?v=Nq6fUxax3ak
429,https://www.youtube.com/watch?v=Onj9w3YHgr0
430,https://www.youtube.com/watch?v=uvD8zAIZ4HM
431,https://www.youtube.com/watch?v=aAjvU_oaaR0
432,https://www.youtube.com/watch?v=E_pk5sgA2T8
433,https://www.youtube.com/watch?v=2XfdgSo1kSc
434,https://www.youtube.com/watch?v=lSRPrbBTC7s
435,https://www.youtube.com/watch?v=uBEfnX2g8Eg
436,https://www.youtube.com/watch?v=GHfEPedmkCs
437,https://www.youtube.com/watch?v=1Doxf4kGkNI
438,https://www.youtube.com/watch?v=tI9GPtw_PYI
439,https://www.youtube.com/watch?v=Y6uh991x0Ns
440,https://www.youtube.com/watch?v=5AKXPjOgZw0
441,https://www.youtube.com/watch?v=xfQeeP4r81w
442,https://www.youtube.com/watch?v=DaXshNlG0SU
443,https://www.youtube.com/watch?v=WrC71nTIAU0
444,https://www.youtube.com/watch?v=tm_kWDxtoPw
445,https://www.youtube.com/watch?v=VbJdYkKvyY4
446,https://www.youtube.com/watch?v=g3P-wpLgkBI
447,https://www.youtube.com/watch?v=SvLkvpxAdL0
448,https://www.youtube.com/watch?v=-Qjof2lR8KM
449,https://www.youtube.com/watch?v=G4Vm1GaOcug
450,https://www.youtube.com/watch?v=gbDh2ZFgXhM
451,https://www.youtube.com/watch?v=FuloBHWlBUo
452,https://www.youtube.com/watch?v=XsyJqBhCV-E
453,https://www.youtube.com/watch?v=_mMh7nOgG8c
454,https://www.youtube.com/watch?v=jTXSA6BLksc
455,https://www.youtube.com/watch?v=mpscYfWqK-w
456,https://www.youtube.com/watch?v=1CMHjxT-wok
457,https://www.youtube.com/watch?v=6BOysvk-VjE
458,https://www.youtube.com/watch?v=0M6MT1KbXUQ
459,https://www.youtube.com/watch?v=U_dwNgJXqHo
460,https://www.youtube.com/watch?v=7i1PbHS4UGQ
461,https://www.youtube.com/watch?v=ZfEWSHGkp5U
462,https://www.youtube.com/watch?v=mAjNhXVY5ME
463,https://www.youtube.com/watch?v=ZCg31FlUtxk
464,https://www.youtube.com/watch?v=4ypkPm4XQpM
465,https://www.youtube.com/watch?v=7tlWypaznes
466,https://www.youtube.com/watch?v=JQzyXmQHuH0
467,https://www.youtube.com/watch?v=HTKaGsvc9vo
468,https://www.youtube.com/watch?v=QFx57CMzzJM
469,https://www.youtube.com/watch?v=u4lcfIm1BuY
470,https://www.youtube.com/watch?v=KsXq0cPe6HM
471,https://www.youtube.com/watch?v=d_xI1UYDDr0
472,https://www.youtube.com/watch?v=0FFT6dyLyhs
473,https://www.youtube.com/watch?v=Y-z90KocR8g
474,https://www.youtube.com/watch?v=qW2tRFCjWdU
475,https://www.youtube.com/watch?v=eBMS5aa9yrI
476,https://www.youtube.com/watch?v=da6gcphiKCk
477,https://www.youtube.com/watch?v=xlZRcnmUc-s
478,https://www.youtube.com/watch?v=5xS2aOfcwY8
479,https://www.youtube.com/watch?v=bFdtS7i4YZQ
480,https://www.youtube.com/watch?v=6WPpadWfbK8
481,https://www.youtube.com/watch?v=qAiIC2pFPUM
482,https://www.youtube.com/watch?v=C0oQNITyTso
483,https://www.youtube.com/watch?v=aUxeL-_JOkY
484,https://www.youtube.com/watch?v=SEqh60ytao4
485,https://www.youtube.com/watch?v=nvsxm1xkbO0
486,https://www.youtube.com/watch?v=b8yY-aKaEIE
487,https://www.youtube.com/watch?v=2KuZOAqbdok
488,https://www.youtube.com/watch?v=fiH822aJX1M
489,https://www.youtube.com/watch?v=SVVzAcbvakA
490,https://www.youtube.com/watch?v=o6XH3iImu14
491,https://www.youtube.com/watch?v=jjyF97L1TC4
492,https://www.youtube.com/watch?v=dzbVMzAuybk
493,https://www.youtube.com/watch?v=72iqUhZTqeI
494,https://www.youtube.com/watch?v=e74SyMhqWiM
495,https://www.youtube.com/watch?v=KwF2otaObxQ
496,https://www.youtube.com/watch?v=7_t45peZ8II
497,https://www.youtube.com/watch?v=qDV0QPP-Z8U
498,https://www.youtube.com/watch?v=9ttFfJHR7fU
499,https://www.youtube.com/watch?v=NRZ58y3HRzU
500,https://www.youtube.com/watch?v=r833QJJ1s0w
501,https://www.youtube.com/watch?v=9xq06jeXPUU
502,https://www.youtube.com/watch?v=UjjWUZyT4f8
503,https://www.youtube.com/watch?v=6sLKhCB-1_A
504,https://www.youtube.com/watch?v=06yZBITWsCc
505,https://www.youtube.com/watch?v=7zwQ2cZxagU
506,https://www.youtube.com/watch?v=aU8lad9dJDo
507,https://www.youtube.com/watch?v=vOcxyXKa0vk
508,https://www.youtube.com/watch?v=mKAiaAN-Cbc
509,https://www.youtube.com/watch?v=5U7InPavd7o
510,https://www.youtube.com/watch?v=u6gHhOUskO8
511,https://www.youtube.com/watch?v=-4eCNKboPTA
512,https://www.youtube.com/watch?v=Dd8xd3FRHMA
513,https://www.youtube.com/watch?v=iTyK4xWgimA
514,https://www.youtube.com/watch?v=npLgdj11xSk
515,https://www.youtube.com/watch?v=1t2C9JrdU7Q
516,https://www.youtube.com/watch?v=Op_aLnLv4Tw
517,https://www.youtube.com/watch?v=3V8ULCwsMEg
518,https://www.youtube.com/watch?v=ZzXSXBI2usc
519,https://www.youtube.com/watch?v=tNtzWVihSnI
520,https://www.youtube.com/watch?v=qlEUgwH7f6M
521,https://www.youtube.com/watch?v=cPL8PnJ2COY
522,https://www.youtube.com/watch?v=aM5lfvhkgaA
523,https://www.youtube.com/watch?v=3MM-qVBZnkk
524,https://www.youtube.com/watch?v=A7j3mE9Aliw
525,https://www.youtube.com/watch?v=egp1B90hhQw
526,https://www.youtube.com/watch?v=SBxM3roEfXU
527,https://www.youtube.com/watch?v=90I73eWmvAY
528,https://www.youtube.com/watch?v=xkczBkqL2jQ
529,https://www.youtube.com/watch?v=K0B8evGhaU0
530,https://www.youtube.com/watch?v=EzmI8EDMaqU
531,https://www.youtube.com/watch?v=_jKDv62B8Og
532,https://www.youtube.com/watch?v=yEznUjmAJGI
533,https://www.youtube.com/watch?v=MFevD9LddBc
534,https://www.youtube.com/watch?v=O3JLEy7PYdk
535,https://www.youtube.com/watch?v=pz-2WhUXHDg
536,https://www.youtube.com/watch?v=K_uXVT7hI7o
537,https://www.youtube.com/watch?v=TA0pR-xLbTQ
538,https://www.youtube.com/watch?v=sg_5BYfSJ-k
539,https://www.youtube.com/watch?v=xZLEXhugaF0
540,https://www.youtube.com/watch?v=Bgyz-CgjAWk
541,https://www.youtube.com/watch?v=MBQHslOfnxE
542,https://www.youtube.com/watch?v=gADK-3blseI
543,https://www.youtube.com/watch?v=dysW1-mwWBM
544,https://www.youtube.com/watch?v=Fvf8xF232os
545,https://www.youtube.com/watch?v=lF8WnLG_03s
546,https://www.youtube.com/watch?v=qMXg4-n7Fmo
547,https://www.youtube.com/watch?v=nbSrdvRIce0
548,https://www.youtube.com/watch?v=FYyVGBtJda4
549,https://www.youtube.com/watch?v=vomcu1cnSE4
550,https://www.youtube.com/watch?v=sRmqM-g2iX0
551,https://www.youtube.com/watch?v=8DX8_4zPIno
552,https://www.youtube.com/watch?v=DECTTunBHLw
553,https://www.youtube.com/watch?v=RlJoP7XDsws
554,https://www.youtube.com/watch?v=cVNxhWT4m4E
555,https://www.youtube.com/watch?v=9lV2rKmsogc
556,https://www.youtube.com/watch?v=9TR5D75O4mY
557,https://www.youtube.com/watch?v=KYxFRWulWYs
558,https://www.youtube.com/watch?v=DBf9dl5xCQE
559,https://www.youtube.com/watch?v=PyUQJ2OIf8Q
560,https://www.youtube.com/watch?v=86r4VSQQ9d8
561,https://www.youtube.com/watch?v=TtmXmH6a-9w
562,https://www.youtube.com/watch?v=Hf-CV0Smf7s
563,https://www.youtube.com/watch?v=xbnnU3dT-0M
564,https://www.youtube.com/watch?v=2ZIctJssn-s
565,https://www.youtube.com/watch?v=-gkWbIFS7w4
566,https://www.youtube.com/watch?v=UB7AsUyPWIY
567,https://www.youtube.com/watch?v=CbYwbxGnIbQ
568,https://www.youtube.com/watch?v=SNsOHJKU4Do
569,https://www.youtube.com/watch?v=nOO79hxl1j0
570,https://www.youtube.com/watch?v=eOg66rulqwU
571,https://www.youtube.com/watch?v=iFGjy4OlSIo
572,https://www.youtube.com/watch?v=GY2CEllhTmA
573,https://www.youtube.com/watch?v=PXKB4m9r_-Q
574,https://www.youtube.com/watch?v=d80HaY-6o1Q
575,https://www.youtube.com/watch?v=HmyqiiMXpg4
576,https://www.youtube.com/watch?v=CuymXVCMenM
577,https://www.youtube.com/watch?v=yxjTLy05t1U
578,https://www.youtube.com/watch?v=8QgscGnyTDo
579,https://www.youtube.com/watch?v=i8gGOVcLovo
580,https://www.youtube.com/watch?v=gdon6xn8wIM
581,https://www.youtube.com/watch?v=iwY0GgtLjhQ
582,https://www.youtube.com/watch?v=qa0qFRKfFfg
583,https://www.youtube.com/watch?v=ZOB3Nx0sK2g
584,https://www.youtube.com/watch?v=aQgUUn3V3DY
585,https://www.youtube.com/watch?v=004Q7PUKIJI
586,https://www.youtube.com/watch?v=-3vu4Ki-ONo
587,https://www.youtube.com/watch?v=Pmot09N1Ops
588,https://www.youtube.com/watch?v=DqfXWEuHXXs
589,https://www.youtube.com/watch?v=2SC8IPfb7_w
590,https://www.youtube.com/watch?v=3fD3NIwce1I
591,https://www.youtube.com/watch?v=VWMwkMCw7QM
592,https://www.youtube.com/watch?v=V9Wll0o1qUY
593,https://www.youtube.com/watch?v=MLA_XAYIvR0
594,https://www.youtube.com/watch?v=En5Qr_zbPz8
595,https://www.youtube.com/watch?v=VgBNGD3QONw
596,https://www.youtube.com/watch?v=A8T_K804Lkw
597,https://www.youtube.com/watch?v=QIzAZJWxyuw
598,https://www.youtube.com/watch?v=uc6RzWqBtUQ
599,https://www.youtube.com/watch?v=cSSzbSWtzxw
600,https://www.youtube.com/watch?v=RD_Y_99oPog
601,https://www.youtube.com/watch?v=IJpf7IJ4QoE
602,https://www.youtube.com/watch?v=IJK_zi_6VCg
603,https://www.youtube.com/watch?v=jkhcwHy7PGs
604,https://www.youtube.com/watch?v=oXO4mBDEitQ
605,https://www.youtube.com/watch?v=oeAJmPrMfSk
606,https://www.youtube.com/watch?v=RIVE2z5TLic
607,https://www.youtube.com/watch?v=nWqYrRm6UbI
608,https://www.youtube.com/watch?v=to58E-C-NyY
609,https://www.youtube.com/watch?v=4-buF0GaODw
610,https://www.youtube.com/watch?v=-KGrWNIUkuI
611,https://www.youtube.com/watch?v=8O2Pt4E7Kpc
612,https://www.youtube.com/watch?v=oOMrnXROTOY
613,https://www.youtube.com/watch?v=Ubfsr62VALY
614,https://www.youtube.com/watch?v=EgQuOYpxnVA
615,https://www.youtube.com/watch?v=IyiC-T8qRIk
616,https://www.youtube.com/watch?v=-SNNbu3fEKU
617,https://www.youtube.com/watch?v=TwjSGfIqMtw
618,https://www.youtube.com/watch?v=G0MaiNR_l-E
619,https://www.youtube.com/watch?v=H40eenKc9yk
620,https://www.youtube.com/watch?v=V2tmUk7R5nw
621,https://www.youtube.com/watch?v=XSQL09pyg3k
622,https://www.youtube.com/watch?v=sxPl1k9fRPY
623,https://www.youtube.com/watch?v=qkENnMU7iTg
624,https://www.youtube.com/watch?v=N9cLaTzQuYk
625,https://www.youtube.com/watch?v=kHkkrc7T6Lo
626,https://www.youtube.com/watch?v=KbR9HXrLx2M
627,https://www.youtube.com/watch?v=vGdAejYNNrg
628,https://www.youtube.com/watch?v=6vVkqZH5VC8
629,https://www.youtube.com/watch?v=HDMwQQMbQoU
630,https://www.youtube.com/watch?v=gFTULaN71ls
631,https://www.youtube.com/watch?v=gkbdRD_M5H4
632,https://www.youtube.com/watch?v=iHVAAi-ePOk
633,https://www.youtube.com/watch?v=UYSxsG82V14
634,https://www.youtube.com/watch?v=VRYi45M-LsU
635,https://www.youtube.com/watch?v=AWcwSNea-LA
636,https://www.youtube.com/watch?v=nOZJ8oldLGs
637,https://www.youtube.com/watch?v=7YQ-4d1NjUw
638,https://www.youtube.com/watch?v=sR0XOw9rU9U
639,https://www.youtube.com/watch?v=pK9BpLGIhGQ
640,https://www.youtube.com/watch?v=FP9HDJUWNtk
641,https://www.youtube.com/watch?v=cPA9raFwiP4
642,https://www.youtube.com/watch?v=p7m-AK8NQD4
643,https://www.youtube.com/watch?v=GOBdZiZrSVM
644,https://www.youtube.com/watch?v=_CcG69o22FU
645,https://www.youtube.com/watch?v=DfHSLOuKyYA
646,https://www.youtube.com/watch?v=nNjIerVAJmI
647,https://www.youtube.com/watch?v=byD4DYNQzm0
648,https://www.youtube.com/watch?v=0FXl_umIHQQ
649,https://www.youtube.com/watch?v=kOWD_DO_vfk
650,https://www.youtube.com/watch?v=93EUVJ9gzhs
651,https://www.youtube.com/watch?v=XBkMOqbH4J4
652,https://www.youtube.com/watch?v=cEmbCCNfUqk
653,https://www.youtube.com/watch?v=eMwoWLNvBR4
654,https://www.youtube.com/watch?v=yJzhyAMP_Bw
655,https://www.youtube.com/watch?v=HH1LyLDiRNc
656,https://www.youtube.com/watch?v=xyYDx6PPA8M
657,https://www.youtube.com/watch?v=bLye3tlS0ws
658,https://www.youtube.com/watch?v=EFJbJYM1fGY
659,https://www.youtube.com/watch?v=Tr00SP7NNfc
660,https://www.youtube.com/watch?v=pRX9sqcyhKg
661,https://www.youtube.com/watch?v=zWcjgjFXrnc
662,https://www.youtube.com/watch?v=cVvr815Mu8g
663,https://www.youtube.com/watch?v=FeFQtnDfaHE
664,https://www.youtube.com/watch?v=F7hCQkEPZ6U
665,https://www.youtube.com/watch?v=EQxet0gVN1w
666,https://www.youtube.com/watch?v=gWS0jPs3Zbw
667,https://www.youtube.com/watch?v=JOdt3Tf2-qo
668,https://www.youtube.com/watch?v=8xTX3L_--iQ
669,https://www.youtube.com/watch?v=xA3khwgGmvc
670,https://www.youtube.com/watch?v=Ku9nytoCNTo
671,https://www.youtube.com/watch?v=k4tep4ZxLBU
672,https://www.youtube.com/watch?v=eglYM_-RGIM
673,https://www.youtube.com/watch?v=xmBVhywHmos
674,https://www.youtube.com/watch?v=JcjYDHE6CU8
675,https://www.youtube.com/watch?v=ZHamFfBcYrQ
676,https://www.youtube.com/watch?v=eJTMItgWe3s
677,https://www.youtube.com/watch?v=Hdm48JCYcOc
678,https://www.youtube.com/watch?v=Ps0jTEAiYvM
679,https://www.youtube.com/watch?v=vPnmw7LMjc8
680,https://www.youtube.com/watch?v=kZSZUI17Hm4
681,https://www.youtube.com/watch?v=QxZA5D0O1u0
682,https://www.youtube.com/watch?v=cjimuHORWZ0
683,https://www.youtube.com/watch?v=0Sx7R5NNy-g
684,https://www.youtube.com/watch?v=zl5qfxwXq4c
685,https://www.youtube.com/watch?v=u4QEDZLivK0
686,https://www.youtube.com/watch?v=B5htnjDW_QI
687,https://www.youtube.com/watch?v=yEYNFVwGVZk
688,https://www.youtube.com/watch?v=5UqApTuoLJo
689,https://www.youtube.com/watch?v=atZpLb4dUZ4
690,https://www.youtube.com/watch?v=8k7wOtgig8g
691,https://www.youtube.com/watch?v=PC8RudOr2Ys
692,https://www.youtube.com/watch?v=F5Ou3ENg1oQ
693,https://www.youtube.com/watch?v=EmNRPIyn0tk
694,https://www.youtube.com/watch?v=iY6Tkay-s-E
695,https://www.youtube.com/watch?v=BczvJS9KiYQ
696,https://www.youtube.com/watch?v=2kRo62kv4U4
697,https://www.youtube.com/watch?v=hiL-nMo_QcA
698,https://www.youtube.com/watch?v=QSYhAdRn5Pw
699,https://www.youtube.com/watch?v=0zLkgoxJZIw
700,https://www.youtube.com/watch?v=BjMnl-7TTp0
701,https://www.youtube.com/watch?v=Mgtk3Ed_tfQ
702,https://www.youtube.com/watch?v=bh_MgNFEsNY
703,https://www.youtube.com/watch?v=rVl_RY699jg
704,https://www.youtube.com/watch?v=tURq1oSwq7w
705,https://www.youtube.com/watch?v=ErUfYiMUVp0
706,https://www.youtube.com/watch?v=PoM0O4eaBFk
707,https://www.youtube.com/watch?v=qbELZBaEr2c
708,https://www.youtube.com/watch?v=3fApJCI5xQ0
709,https://www.youtube.com/watch?v=InQC9Iq3bzI
710,https://www.youtube.com/watch?v=Ag7w3-Mwfvc
711,https://www.youtube.com/watch?v=Ad60xGTEsTc
712,https://www.youtube.com/watch?v=-oIac0EViuY
713,https://www.youtube.com/watch?v=7AdBGykCpm0
714,https://www.youtube.com/watch?v=Y_m8bvNVk9k
715,https://www.youtube.com/watch?v=lW3y4cNUi0g
716,https://www.youtube.com/watch?v=AsXnijfoOSY
717,https://www.youtube.com/watch?v=d-WGPh-5Qfk
718,https://www.youtube.com/watch?v=EmImANLknNA
719,https://www.youtube.com/watch?v=eSqpoRqgRxg
720,https://www.youtube.com/watch?v=CD2WH0_pAfc
721,https://www.youtube.com/watch?v=88DbV9fv-OA
722,https://www.youtube.com/watch?v=wISoonZcMeg
723,https://www.youtube.com/watch?v=5EJtTqZ5HsY
724,https://www.youtube.com/watch?v=Vi4AAt6lKxU
725,https://www.youtube.com/watch?v=_jLd5ZdFE5s
726,https://www.youtube.com/watch?v=ox3O4Ul8rTA
727,https://www.youtube.com/watch?v=8P8Y1jU0Fs0
728,https://www.youtube.com/watch?v=sqsDPXDvMWU
729,https://www.youtube.com/watch?v=n2l6PeCGvoQ
730,https://www.youtube.com/watch?v=0HUFHhmp87I
731,https://www.youtube.com/watch?v=1r1JEvXnWfQ
732,https://www.youtube.com/watch?v=8VxVoGvpteI
733,https://www.youtube.com/watch?v=A9tQlwuTgvE
734,https://www.youtube.com/watch?v=3uo3-JwzEes
735,https://www.youtube.com/watch?v=YaH67RJ21Xg
736,https://www.youtube.com/watch?v=g_87l4OVxpU
737,https://www.youtube.com/watch?v=7eiOUuRsKu4
738,https://www.youtube.com/watch?v=BeGD_2jVj_g
739,https://www.youtube.com/watch?v=DfyfjfaeG5c
740,https://www.youtube.com/watch?v=3ldGqrK6-YA
741,https://www.youtube.com/watch?v=h9ou8Dr30c8
742,https://www.youtube.com/watch?v=YRGO3lODkto
743,https://www.youtube.com/watch?v=9_Rj4Bu2N3M
744,https://www.youtube.com/watch?v=JfXdOCn1fbw
745,https://www.youtube.com/watch?v=LpO2y5_XpGk
746,https://www.youtube.com/watch?v=FXTJH7xyJfM
747,https://www.youtube.com/watch?v=W0RbBLHOuko
748,https://www.youtube.com/watch?v=Rd_A6QKU2UA
749,https://www.youtube.com/watch?v=zcX04bAu2B0
750,https://www.youtube.com/watch?v=aK7erdGpMeA
751,https://www.youtube.com/watch?v=c88KF162NCI
752,https://www.youtube.com/watch?v=JgaD76uJWMM
753,https://www.youtube.com/watch?v=4ZxysHZyy28
754,https://www.youtube.com/watch?v=LlFnb0kLB0Y
755,https://www.youtube.com/watch?v=Qb7ZLhCiXlw
756,https://www.youtube.com/watch?v=BOBE0BeUJIU
757,https://www.youtube.com/watch?v=5xMdSTeUATI
758,https://www.youtube.com/watch?v=_vnEIWfBk2E
759,https://www.youtube.com/watch?v=Ho_F9Bggy_0
760,https://www.youtube.com/watch?v=9i4rw62BE58
761,https://www.youtube.com/watch?v=WWUU_teGBUo
762,https://www.youtube.com/watch?v=w_C_x3DAc10
763,https://www.youtube.com/watch?v=XYWolM_8df8
764,https://www.youtube.com/watch?v=rOjAdNOz4Po
765,https://www.youtube.com/watch?v=iOqWhI7RHvU
766,https://www.youtube.com/watch?v=-_GqEyTtF-I
767,https://www.youtube.com/watch?v=PHnNcdJ8H6c
768,https://www.youtube.com/watch?v=LEncsGwNoIk
769,https://www.youtube.com/watch?v=ZHIAZre3mUA
770,https://www.youtube.com/watch?v=czR2KUoEFcg
771,https://www.youtube.com/watch?v=soylbzqstT4
772,https://www.youtube.com/watch?v=Y4pB2jhuvEg
773,https://www.youtube.com/watch?v=HDphy0dWtPc
774,https://www.youtube.com/watch?v=CAC4C--0lao
775,https://www.youtube.com/watch?v=e86c-iAe8hg
776,https://www.youtube.com/watch?v=aFOr-VQICJ8
777,https://www.youtube.com/watch?v=4bYVQ1i9Ogc
778,https://www.youtube.com/watch?v=Z-ETbocOpEs
779,https://www.youtube.com/watch?v=XRLSsjuyWl8
780,https://www.youtube.com/watch?v=UiK0879XY20
781,https://www.youtube.com/watch?v=N0Ea5VwiR_o
782,https://www.youtube.com/watch?v=PsT42YgQeC8
783,https://www.youtube.com/watch?v=lGu_Peganqk
784,https://www.youtube.com/watch?v=CE3y5qMpADM
785,https://www.youtube.com/watch?v=d_spTDytGOk
786,https://www.youtube.com/watch?v=cfEoCWt-R7A
787,https://www.youtube.com/watch?v=ID127RLd7sc
788,https://www.youtube.com/watch?v=WYvgzihgejA
789,https://www.youtube.com/watch?v=WeQKc-UUL8Q
790,https://www.youtube.com/watch?v=H0n1-vjcCpE
791,https://www.youtube.com/watch?v=eu8R6IiTfqg
792,https://www.youtube.com/watch?v=4Ntdetdvm-8
793,https://www.youtube.com/watch?v=iFITW9VE1So
794,https://www.youtube.com/watch?v=LrPZGXBbvow
795,https://www.youtube.com/watch?v=nQpK6NZiiug
796,https://www.youtube.com/watch?v=qNQ-Z-lCWf0
797,https://www.youtube.com/watch?v=j-WMsKdMGuM
798,https://www.youtube.com/watch?v=Mxt7CkX9ZXk
799,https://www.youtube.com/watch?v=bMApcmA-CLY
800,https://www.youtube.com/watch?v=7vq_j_U7u2Q
801,https://www.youtube.com/watch?v=dG1Nz5cs9Vs
802,https://www.youtube.com/watch?v=29mFWKoqKSE
803,https://www.youtube.com/watch?v=Ev8aEll_yHo
804,https://www.youtube.com/watch?v=KDAqJtmL2XQ
805,https://www.youtube.com/watch?v=CI5QfbzFm2A
806,https://www.youtube.com/watch?v=AqVMTYlGbiQ
807,https://www.youtube.com/watch?v=3-WpnR9cprw
808,https://www.youtube.com/watch?v=wlX3ve8-FZY
809,https://www.youtube.com/watch?v=-j91tSix9RA
810,https://www.youtube.com/watch?v=J6OF7tKAh2o
811,https://www.youtube.com/watch?v=E4f-aoUJznk
812,https://www.youtube.com/watch?v=hgEliPulEIk
813,https://www.youtube.com/watch?v=XP-6-AfdFeQ
814,https://www.youtube.com/watch?v=8x1ddsLgAyA
815,https://www.youtube.com/watch?v=BJsJbWolA6s
816,https://www.youtube.com/watch?v=e5BUoWJjjDg
817,https://www.youtube.com/watch?v=b3YUt7GqOYo
818,https://www.youtube.com/watch?v=TtpNtXORMfs
819,https://www.youtube.com/watch?v=gT9NdFmGdvs
820,https://www.youtube.com/watch?v=O9OwgoXFzS8
821,https://www.youtube.com/watch?v=87koNcfj950
822,https://www.youtube.com/watch?v=2dC6mG5J8uU
823,https://www.youtube.com/watch?v=x2Zs9PoHHMY
824,https://www.youtube.com/watch?v=txokAfJaC3E
825,https://www.youtube.com/watch?v=A5cN6D7zI3U
826,https://www.youtube.com/watch?v=XyLr2at12-g
827,https://www.youtube.com/watch?v=_HbTXeSOLLY
828,https://www.youtube.com/watch?v=wAEkb8xV2b4
829,https://www.youtube.com/watch?v=iMug4JpcdQE
830,https://www.youtube.com/watch?v=EdACKvPQiuQ
831,https://www.youtube.com/watch?v=B8xnVAnbOiY
832,https://www.youtube.com/watch?v=2cpvKTs4c2A
833,https://www.youtube.com/watch?v=1n9L2Txnn-s
834,https://www.youtube.com/watch?v=Obvh95KuhJA
835,https://www.youtube.com/watch?v=mu2lPXIwBXM
836,https://www.youtube.com/watch?v=yYouWFVqgng
837,https://www.youtube.com/watch?v=qUvkR4d0dCE
838,https://www.youtube.com/watch?v=4ZqGw9sLgog
839,https://www.youtube.com/watch?v=pfnnwQH21Iw
840,https://www.youtube.com/watch?v=8cOs2HrB1kQ
841,https://www.youtube.com/watch?v=qsIhkuNPIjc
842,https://www.youtube.com/watch?v=nlnAaTDk8XI
843,https://www.youtube.com/watch?v=ejIFML7R5yo
844,https://www.youtube.com/watch?v=rPoMdQt9Wo4
845,https://www.youtube.com/watch?v=kuus5w0Qcqo
846,https://www.youtube.com/watch?v=obG8d40T8hg
847,https://www.youtube.com/watch?v=5vojI4_z8Zo
848,https://www.youtube.com/watch?v=kkhUzJJJOhQ
849,https://www.youtube.com/watch?v=v0q9P1GAUSo
850,https://www.youtube.com/watch?v=VxN3285lkF8
851,https://www.youtube.com/watch?v=DyBlEex3cHo
852,https://www.youtube.com/watch?v=f9Gqz0FpOVQ
853,https://www.youtube.com/watch?v=p9A810hskZ0
854,https://www.youtube.com/watch?v=PZBLMXD884c
855,https://www.youtube.com/watch?v=3eHBDKj5P9Y
856,https://www.youtube.com/watch?v=A-NxM9DQCiE
857,https://www.youtube.com/watch?v=pejYUusDDXc
858,https://www.youtube.com/watch?v=fAYNX8uaowM
859,https://www.youtube.com/watch?v=ABsYBgp4aR4
860,https://www.youtube.com/watch?v=-hKvorHcGo8
861,https://www.youtube.com/watch?v=P4ov5qF4vGs
862,https://www.youtube.com/watch?v=PMPv-v4HKr8
863,https://www.youtube.com/watch?v=BE97EQOjYY4
864,https://www.youtube.com/watch?v=f07FC2Z29L0
865,https://www.youtube.com/watch?v=JHnV71RwZzA
866,https://www.youtube.com/watch?v=OEY-x7fNNDc
867,https://www.youtube.com/watch?v=UtcmbE4oh_Y
868,https://www.youtube.com/watch?v=MAvU9GgkVpo
869,https://www.youtube.com/watch?v=6NF3107EWUg
870,https://www.youtube.com/watch?v=TkfKvfKaYds
871,https://www.youtube.com/watch?v=ft2wf_jrvdY
872,https://www.youtube.com/watch?v=GtkQjSNu5AE
873,https://www.youtube.com/watch?v=5k9q51EWWCw
874,https://www.youtube.com/watch?v=A-wcwniy1TM
875,https://www.youtube.com/watch?v=Jty8HBj7YrI
876,https://www.youtube.com/watch?v=964FMwNeumE
877,https://www.youtube.com/watch?v=O8DxQpBx9y8
878,https://www.youtube.com/watch?v=sovfv-w2Iug
879,https://www.youtube.com/watch?v=XMJfZMgyWwg
880,https://www.youtube.com/watch?v=6gHnwYWXdII
881,https://www.youtube.com/watch?v=2m-8tXEO6Go
882,https://www.youtube.com/watch?v=wG6hpFteBl8
883,https://www.youtube.com/watch?v=K3H45UKR-mA
884,https://www.youtube.com/watch?v=2DgkI8stNDk
885,https://www.youtube.com/watch?v=z5-bLKG6CPE
886,https://www.youtube.com/watch?v=haH1ykbRKxg
887,https://www.youtube.com/watch?v=447JUL3L2N8
888,https://www.youtube.com/watch?v=XlaxWlwSsPY
889,https://www.youtube.com/watch?v=QjxB4ToSRdE
890,https://www.youtube.com/watch?v=AGi1vcjGgxY
891,https://www.youtube.com/watch?v=osUb3xG9qG4
892,https://www.youtube.com/watch?v=mJJ4HiJ45HM
893,https://www.youtube.com/watch?v=E2GRc86jqrw
894,https://www.youtube.com/watch?v=jNLlhe5CAp8
895,https://www.youtube.com/watch?v=izmrbWrdd7w
896,https://www.youtube.com/watch?v=zOZPaB5seuY
897,https://www.youtube.com/watch?v=BP0D6oDhgN8
898,https://www.youtube.com/watch?v=BQoCAZThVEk
899,https://www.youtube.com/watch?v=TuBMi3KTAcY
900,https://www.youtube.com/watch?v=3TaPt8wziEs
901,https://www.youtube.com/watch?v=eV82BBhiF-8
902,https://www.youtube.com/watch?v=NoXpfVMK0BQ
903,https://www.youtube.com/watch?v=DC-zbfZlLX4
904,https://www.youtube.com/watch?v=HRct9spMzwA
905,https://www.youtube.com/watch?v=IiJNnbnHE00
906,https://www.youtube.com/watch?v=WkT3ZNuOSnY
907,https://www.youtube.com/watch?v=dPbuvdzvh3c
908,https://www.youtube.com/watch?v=7XpVUoXha0g
909,https://www.youtube.com/watch?v=K85RDhB-adE
910,https://www.youtube.com/watch?v=9gdWQ3uzcEg
911,https://www.youtube.com/watch?v=vXoXh_XQpvs
912,https://www.youtube.com/watch?v=6rO1l9DDDjg
913,https://www.youtube.com/watch?v=Ck8DT87Eqr4
914,https://www.youtube.com/watch?v=IGoItMavQug
915,https://www.youtube.com/watch?v=8a_u844_s64
916,https://www.youtube.com/watch?v=eCAq4pkADIY
917,https://www.youtube.com/watch?v=oF1VQKuBuJM
918,https://www.youtube.com/watch?v=zksz-6lBIQY
919,https://www.youtube.com/watch?v=TRn6hK0rXeo
920,https://www.youtube.com/watch?v=eT9hv5O-prY
921,https://www.youtube.com/watch?v=e7zO8w_SSZw
922,https://www.youtube.com/watch?v=8wzA2Q6hUaI
923,https://www.youtube.com/watch?v=7ieBgkw9AV4
924,https://www.youtube.com/watch?v=y4h4wLSif44
925,https://www.youtube.com/watch?v=q8PKoTzUGcM
926,https://www.youtube.com/watch?v=FOS6nP2LetM
927,https://www.youtube.com/watch?v=r1OaNceIfh8
928,https://www.youtube.com/watch?v=katL0vDaHTc
929,https://www.youtube.com/watch?v=1l-EFoCb30k
930,https://www.youtube.com/watch?v=rnbk0ATpsP8
931,https://www.youtube.com/watch?v=gpHA28xSemM
932,https://www.youtube.com/watch?v=bExHXdi4Sx0
933,https://www.youtube.com/watch?v=OYcOv9Kyw3I
934,https://www.youtube.com/watch?v=4sJgpD03vaw
935,https://www.youtube.com/watch?v=Jwo7I_--49Y
936,https://www.youtube.com/watch?v=gtkUgTYrDFg
937,https://www.youtube.com/watch?v=z3B_V80LiCA
938,https://www.youtube.com/watch?v=I8cH1wI_1d8
939,https://www.youtube.com/watch?v=uTuTBinGE8c
940,https://www.youtube.com/watch?v=zi6Ow-70Etk
941,https://www.youtube.com/watch?v=J3Q8S4A-mNg
942,https://www.youtube.com/watch?v=0BJBeZLFsUg
943,https://www.youtube.com/watch?v=tWQ9HD0db8M
944,https://www.youtube.com/watch?v=BHunTx1HTUw
945,https://www.youtube.com/watch?v=z7FRkhGyv6Y
946,https://www.youtube.com/watch?v=ogbbXHll3S4
947,https://www.youtube.com/watch?v=6m1hkVJJRaI
948,https://www.youtube.com/watch?v=VBY00GS_YM0
949,https://www.youtube.com/watch?v=5iCajfQhuzU
950,https://www.youtube.com/watch?v=ERMcLrzsJ4s
951,https://www.youtube.com/watch?v=WpXEVcGkw9M
952,https://www.youtube.com/watch?v=semQp2Cnec4
953,https://www.youtube.com/watch?v=A0Ob8QRQ_4I
954,https://www.youtube.com/watch?v=ciucvTdkfCA
955,https://www.youtube.com/watch?v=BAOdWzbWbWo
956,https://www.youtube.com/watch?v=2XxMtxP_7qo
957,https://www.youtube.com/watch?v=1mpuXUQRzqU
958,https://www.youtube.com/watch?v=H02mhmwgQsY
959,https://www.youtube.com/watch?v=OTq-z5GB0KU
960,https://www.youtube.com/watch?v=mXoP6zbAqso
961,https://www.youtube.com/watch?v=MONEYu7izj4
962,https://www.youtube.com/watch?v=JOIyFI8YR5w
963,https://www.youtube.com/watch?v=UMyamixMe4w
964,https://www.youtube.com/watch?v=CWtqBiAFGdg
965,https://www.youtube.com/watch?v=aqWUMnTHOQE
966,https://www.youtube.com/watch?v=-IITXTczWBE
967,https://www.youtube.com/watch?v=20UZKkl9kdM
968,https://www.youtube.com/watch?v=ERJVDX7NhJY
969,https://www.youtube.com/watch?v=s1iCgRu4b9k
970,https://www.youtube.com/watch?v=bPBIRcGiEfk
971,https://www.youtube.com/watch?v=RoNoL9hZaHs
972,https://www.youtube.com/watch?v=CWV8EBtVk0Y
973,https://www.youtube.com/watch?v=qUNTiAHhxU0
974,https://www.youtube.com/watch?v=jukn_z00UnE
975,https://www.youtube.com/watch?v=Zbh-ZHTBSog
976,https://www.youtube.com/watch?v=_1OtWsiBwo0
977,https://www.youtube.com/watch?v=7tprqd9IUmY
